{"cameraMode":{"drawMode":0,"name":"Shaded","section":"Shading Mode"},"sceneLighting":true,"audioPlay":false,"sceneViewState":{"m_AlwaysRefresh":false,"showFog":true,"showSkybox":true,"showFlares":true,"showImageEffects":true,"showParticleSystems":true,"showVisualEffectGraphs":true,"m_FxEnabled":true},"in2DMode":false,"pivot":{"x":0.39216625690460207,"y":0.09175229072570801,"z":2.262033462524414},"rotation":{"x":0.007809102069586515,"y":0.010494991205632687,"z":-0.00008195751433959231,"w":0.999915361404419},"size":5.287688255310059,"orthographic":false}